Sample,REF,POS,ALT,AF
SRR11953826,C,11752,T,0.071145
SRR12733826,C,11563,T,0.076433
SRR11954160,C,1326,T,0.10832
SRR11954130,C,13197,T,0.150609
SRR11953846,C,13170,T,0.233733
SRR11954299,C,11575,T,0.100719
SRR11954201,C,1170,T,0.212697
SRR11954168,C,13051,T,0.164179
SRR12733527,C,12439,T,0.735849
SRR12733568,C,1191,T,0.05036
SRR12733860,C,11967,T,0.347974
SRR11954109,C,1205,T,0.052511
SRR12733563,G,7954,T,0.76652
SRR11954011,C,13115,T,0.225806
SRR12733509,C,12068,T,0.200484
SRR11953804,C,12132,T,0.601234
SRR11953891,C,12420,T,0.054622
SRR12733468,C,1190,T,0.070117
SRR11953787,GGTCATGTTA,509,G,0.068426
SRR12733763,C,11490,G,0.070064
SRR12733514,ATTCTACAGG,23469,A,0.1
SRR12733444,A,8399,G,0.055684
SRR11953842,A,8413,G,0.11084
SRR12733405,T,11963,C,0.064397
SRR11953821,T,10927,A,0.054187
SRR11953679,T,10876,C,0.270494
SRR12733765,AAGTCATTTG,686,A,0.064576
SRR12733448,ACGATCGAGTG,29749,A,0.360215
SRR12733894,AG,5198,A,0.07971
SRR11954098,ATGGTCATGTTATGGT,507,A,0.78022
SRR12733535,C,100,T,0.360308
SRR12733528,C,11455,T,0.10882
SRR11954253,C,10191,T,0.074349
SRR11953754,C,10198,T,0.292924
SRR11954112,C,10207,T,0.126553
SRR11953986,C,10279,T,0.125367
SRR12733544,C,10376,T,0.053819
SRR11953746,GTTA,515,G,0.176801
SRR12733523,C,106,T,0.706958
SRR11953759,C,1346,T,0.095541
SRR12733841,G,891,A,0.183996
SRR12733308,C,13430,T,0.17953
SRR12733853,C,13681,A,0.061798
SRR11954203,G,7895,A,0.268519
SRR11953866,C,13548,T,0.426357
SRR11953848,G,4925,T,0.291946
SRR12733965,C,19,T,0.666667
SRR12733648,C,19018,T,0.060176
SRR12733576,C,1912,T,0.180157
SRR12733557,C,19170,T,0.087302
SRR12733657,C,19320,T,0.48145
SRR11954112,G,3892,T,0.785609
SRR11953864,C,19836,T,0.054374
SRR12733843,C,19983,T,0.169811
SRR12733948,C,20,T,0.55661
SRR11954264,G,373,A,0.061249
SRR12733296,C,20133,T,0.054112
SRR11954117,C,20148,T,0.231884
SRR12733382,C,20234,A,0.076065
SRR11953813,G,3689,T,0.060403
SRR11954264,C,20611,T,0.060976
SRR12734052,C,20946,T,0.071759
SRR12733446,C,20970,T,0.057851
SRR11953864,C,21,T,0.7
SRR12733767,C,21077,T,0.115108
SRR11954186,C,21110,T,0.278997
SRR12733463,C,18828,T,0.315626
SRR12733433,C,18714,A,0.346705
SRR12733463,G,5515,T,0.352998
SRR12733491,C,15579,A,0.076222
SRR12733894,A,781,G,0.070093
SRR12733995,C,14230,T,0.087298
SRR12733570,C,14286,T,0.053424
SRR11953892,C,14396,T,0.303552
SRR12733284,C,1457,T,0.240788
SRR11953990,C,14676,T,0.090065
SRR11953824,C,14724,T,0.358829
SRR12733433,C,14898,T,0.067742
SRR12733382,C,1528,T,0.070942
SRR12733765,G,7393,A,0.062937
SRR12733520,G,614,A,0.057287
SRR11953855,C,16114,A,0.052632
SRR12733982,C,16173,T,0.059524
SRR12733360,C,16375,T,0.122016
SRR11954100,C,16457,T,0.058577
SRR12733496,C,16466,T,0.353982
SRR11953700,G,7214,T,0.074468
SRR11953673,C,17012,T,0.273692
SRR12733505,C,1722,T,0.75
SRR12733784,C,17822,T,0.783471
SRR11954264,A,8203,G,0.067653
SRR12733541,G,21565,GT,0.076359
SRR12733900,T,12015,G,0.260192
SRR11954255,A,6739,G,0.063232
SRR11954100,A,16514,G,0.061135
SRR11954267,T,28110,C,0.097786
SRR12733319,A,17062,C,0.052083
SRR11954011,A,1717,T,0.168033
SRR11953683,A,17805,G,0.188011
SRR11954036,T,27922,A,0.054511
SRR11954048,A,19137,C,0.059675
SRR12733360,A,19443,G,0.348123
SRR11954050,A,19812,C,0.051887
SRR11954120,A,20079,T,0.056511
SRR12733606,T,27645,C,0.558559
SRR11954198,T,27597,C,0.053254
SRR11953892,A,20735,G,0.075263
SRR12733856,T,27484,C,0.178049
SRR12733298,A,21417,T,0.052033
SRR11953694,A,21625,G,0.095931
SRR12733435,T,26678,C,0.127907
SRR11953821,T,26427,C,0.172414
SRR12733570,A,22007,T,0.388889
SRR12733783,T,26327,C,0.051126
SRR12733291,A,22473,G,0.058824
SRR12733351,T,28251,C,0.798165
SRR11954025,T,28735,C,0.479386
SRR12733998,T,2887,C,0.093897
SRR11954271,A,129,G,0.054353
SRR12733765,TTTA,20422,T,0.08042
SRR12733450,A,11117,G,0.21459
SRR12733890,TGTTATG,514,T,0.729927
SRR12733865,A,11763,G,0.059211
SRR12734123,A,11991,G,0.07333
SRR11954112,A,12004,G,0.131923
SRR12733939,A,12254,G,0.079123
SRR12733448,TACGATCG,29748,T,0.390728
SRR11953826,TAAAAATTACAGAAGAGGTTGG,6516,T,0.114445
SRR12733383,T,9157,C,0.662941
SRR11953878,T,3610,G,0.095238
SRR12733375,T,5941,A,0.062407
SRR11953759,T,5218,C,0.716418
SRR11953964,A,13791,C,0.05291
SRR12733863,A,14113,G,0.114612
SRR12733512,A,14185,T,0.086189
SRR11954106,T,4949,C,0.710383
SRR11954171,T,4885,C,0.055207
SRR11954068,T,4771,A,0.060403
SRR12733376,T,4174,C,0.572816
SRR11953926,A,2296,G,0.054934
SRR11953759,A,23267,T,0.065574
SRR12733872,T,25707,G,0.780165
SRR12733705,T,1370,A,0.619342
SRR12733853,T,17190,C,0.085106
SRR12733491,T,17088,A,0.092163
SRR11954244,A,29594,G,0.421053
SRR11954161,T,16671,C,0.125
SRR12733538,A,3500,C,0.067039
SRR12733933,A,3816,G,0.199541
SRR12733304,T,1647,A,0.054054
SRR11954219,T,14341,C,0.05291
SRR12733399,T,14232,C,0.066225
SRR11954068,A,4773,G,0.067568
SRR12733434,A,28699,G,0.054714
SRR12733663,A,507,C,0.128015
SRR12733554,T,13250,C,0.38342
SRR11954196,A,5426,C,0.057398
SRR12733890,A,555,G,0.062893
SRR12733877,A,5570,G,0.052632
SRR12733363,T,13065,A,0.054
SRR11953972,A,6251,G,0.053474
SRR12733348,C,21191,T,0.064516
SRR12733999,A,6677,G,0.565182
SRR11953679,A,28886,G,0.24285
SRR11954068,T,17902,G,0.07874
SRR12734123,T,25039,C,0.052117
SRR11953821,A,26128,C,0.057637
SRR12733743,T,24259,A,0.062215
SRR12733958,T,23968,A,0.062802
SRR11954050,A,2521,T,0.054054
SRR11953801,A,25223,G,0.113095
SRR12733712,T,23032,A,0.144928
SRR12734038,T,22685,A,0.138273
SRR11953813,A,25921,T,0.102564
SRR11954166,T,22657,C,0.050214
SRR11953700,T,22587,G,0.058065
SRR12733524,A,26141,T,0.05102
SRR12733637,A,27452,G,0.053004
SRR11954155,T,22549,C,0.079404
SRR11954264,T,20883,C,0.093897
SRR12733524,A,2647,G,0.19403
SRR11954020,A,2653,G,0.061094
SRR11954102,T,19025,A,0.054487
SRR11954114,A,26811,G,0.089735
SRR11954046,A,27344,T,0.052381
SRR11954046,A,27345,T,0.05006
SRR11953682,T,18159,C,0.100775
SRR12733349,C,21161,CT,0.050234
SRR12733284,C,21412,A,0.316536
SRR12733290,C,2121,A,0.192727
SRR12733444,C,6633,T,0.352941
SRR12733500,C,6696,CT,0.054711
SRR11954176,C,6840,T,0.058252
SRR12733993,C,7279,T,0.143885
SRR12733296,C,7401,T,0.098341
SRR11954082,C,7764,T,0.115479
SRR11954226,C,7851,T,0.411765
SRR11953784,C,8139,T,0.343407
SRR11953879,C,8228,T,0.586446
SRR12733917,G,25266,T,0.069414
SRR12733570,C,8281,T,0.307922
SRR12733863,C,8299,T,0.387022
SRR12733525,C,8760,T,0.247253
SRR12733354,C,8860,T,0.081505
SRR12733993,C,8982,T,0.071327
SRR11954289,C,9430,T,0.383028
SRR12733462,G,25261,A,0.083429
SRR11954287,C,9714,T,0.108094
SRR11954226,C,9996,T,0.126703
SRR12733841,CAGTGAACAAT,29762,C,0.107847
SRR12733319,CG,25854,C,0.067511
SRR11953704,G,25112,T,0.064192
SRR11954231,G,25429,A,0.05045
SRR12733524,C,657,T,0.187251
SRR12733468,G,25598,T,0.08042
SRR11953795,C,643,T,0.058824
SRR11954256,C,3486,T,0.075996
SRR11953896,C,3589,T,0.090725
SRR11954238,C,36,T,0.616667
SRR11953888,C,3773,A,0.065388
SRR12733431,C,3773,T,0.068264
SRR11954083,C,4113,T,0.149686
SRR11954112,G,25563,T,0.744167
SRR11954112,C,4423,T,0.113103
SRR11953978,C,4475,T,0.157143
SRR12733796,C,4755,T,0.080717
SRR12733629,C,5192,T,0.161657
SRR11953767,C,5239,T,0.123894
SRR12733304,G,25459,C,0.074286
SRR11954021,C,5298,T,0.75641
SRR12733524,C,5526,T,0.180328
SRR12733431,C,5544,T,0.090594
SRR12733406,C,5784,T,0.147612
SRR12733554,C,5826,A,0.059322
SRR12733502,C,5849,T,0.799697
SRR11954235,C,6033,T,0.18828
SRR12733660,C,6255,T,0.088496
SRR12733433,G,24933,T,0.102459
SRR12733837,G,24764,T,0.793068
SRR12733686,G,24434,T,0.740672
SRR12733803,G,11417,T,0.07448
SRR12733496,G,1729,A,0.173333
SRR12733865,G,17480,A,0.142857
SRR12733481,G,21985,T,0.08284
SRR11953682,G,18160,A,0.1
SRR11953864,G,1820,A,0.171742
SRR11954207,G,1821,A,0.081818
SRR11953755,G,18225,T,0.078014
SRR12733517,G,18397,T,0.199444
SRR11953790,G,1868,A,0.772492
SRR12733915,G,18898,A,0.449782
SRR11954048,G,19132,T,0.058624
SRR12733523,G,1957,A,0.664359
SRR12733916,G,21938,T,0.275322
SRR11954089,G,19872,T,0.609127
SRR11953763,G,199,T,0.171332
SRR11954028,G,20062,T,0.569557
SRR11954160,G,20578,T,0.050864
SRR12733614,G,2081,T,0.325651
SRR11954203,G,21055,A,0.081967
SRR12733349,G,21101,GT,0.057644
SRR12733541,G,21569,GT,0.06863
SRR12733303,G,2272,A,0.091963
SRR11953920,G,23593,C,0.356777
SRR11954086,G,23795,A,0.051724
SRR11954246,G,14126,T,0.064241
SRR12733916,G,116,A,0.421196
SRR11953867,G,11801,A,0.054264
SRR12733524,G,12038,A,0.260504
SRR12733650,G,12322,A,0.055184
SRR11953723,G,24293,A,0.092147
SRR12733441,G,13201,A,0.25016
SRR11954261,G,13235,T,0.072125
SRR11954168,G,13617,A,0.426752
SRR12734087,G,1383,T,0.053125
SRR12733381,G,24020,A,0.091633
SRR12733876,G,16843,A,0.235294
SRR11954099,G,14428,T,0.210526
SRR12734123,G,14449,T,0.462946
SRR11953972,G,15243,T,0.228373
SRR12733382,G,23948,C,0.064123
SRR11953755,G,15594,T,0.128
SRR11953898,G,23856,T,0.181818
SRR11953953,G,16182,A,0.094241
SRR11953878,G,16204,C,0.062201
SRR11953826,G,16496,T,0.269333
SRR11953945,C,3411,T,0.209605
SRR11954025,G,25767,T,0.058632
SRR11954086,G,21533,A,0.06962
SRR11953988,C,24134,T,0.351306
SRR11953855,G,29179,T,0.07177
SRR11954157,C,24771,T,0.187747
SRR11954171,C,24863,T,0.071217
SRR12733433,G,29000,T,0.082237
SRR12733809,C,25002,T,0.050493
SRR11954239,C,25162,T,0.100504
SRR12733766,C,25349,T,0.058874
SRR11953821,C,25350,T,0.092486
SRR11953753,C,25413,T,0.210277
SRR11953764,C,25452,T,0.454545
SRR11954289,C,25672,T,0.314836
SRR12733890,C,25714,T,0.269231
SRR11954155,C,25782,T,0.050703
SRR11954075,G,28903,A,0.067916
SRR12733820,C,26060,A,0.050322
SRR12733743,G,28805,A,0.335385
SRR12733700,C,26164,T,0.056795
SRR12733349,C,26456,T,0.527704
SRR11954195,G,28790,A,0.344915
SRR12733433,G,28713,A,0.073661
SRR12733995,G,28451,T,0.103565
SRR11953729,G,29260,A,0.070154
SRR11953726,G,29468,T,0.062016
SRR11954234,C,3096,T,0.074756
SRR11954050,C,24064,T,0.055866
SRR12733576,G,368,T,0.208838
SRR11953988,C,21614,T,0.297673
SRR12733361,G,3304,T,0.098592
SRR11954112,C,21658,T,0.772321
SRR11953729,C,22214,A,0.050955
SRR11954032,C,22264,T,0.623799
SRR12733948,C,22450,T,0.09721
SRR12733982,C,22560,A,0.054217
SRR11954191,C,22594,T,0.087982
SRR11954264,C,22713,T,0.065657
SRR12733487,G,3242,A,0.154749
SRR11953888,G,29742,T,0.077562
SRR11953775,C,23103,T,0.301724
SRR12733308,C,23240,A,0.176067
SRR12733700,C,23557,T,0.131858
SRR11954031,C,23625,T,0.323995
SRR11953886,C,23638,T,0.1
SRR12733691,G,29742,C,0.065622
SRR12733509,C,23929,T,0.150822
SRR11954214,C,24023,T,0.70919
SRR11953929,G,29705,T,0.230274
SRR12733496,G,28361,A,0.12782
SRR11954083,C,26681,T,0.083952
SRR12733685,C,26735,T,0.064622
SRR12733700,C,26810,T,0.07352
SRR12733865,C,28849,T,0.127232
SRR11953943,C,28868,T,0.066933
SRR12733478,G,2659,T,0.08141
SRR11953855,C,28893,T,0.15942
SRR11953826,G,26211,T,0.286816
SRR11953945,C,29077,T,0.212287
SRR12733938,C,29109,G,0.082969
SRR11954175,G,26104,A,0.5
SRR12733945,C,29253,T,0.16928
SRR12733777,C,29311,T,0.182135
SRR11953964,C,29353,T,0.09375
SRR12733919,C,29363,T,0.111422
SRR11954267,C,29416,T,0.154604
SRR12733953,G,25855,T,0.070272
SRR12733377,C,29585,T,0.78481
SRR11953755,G,25785,T,0.120253
SRR12733905,C,29635,T,0.056478
SRR12733534,C,29686,T,0.116883
SRR11954112,C,29774,T,0.111266
SRR11954251,C,2983,T,0.265037
SRR11953790,C,3045,T,0.147094
SRR11954197,C,28776,T,0.20384
SRR12733284,C,28717,T,0.614939
SRR12733532,C,28657,T,0.424906
SRR11954020,C,27610,T,0.062601
SRR12734123,C,26873,T,0.072959
SRR12733487,C,2695,T,0.211901
SRR12733870,C,2704,T,0.073357
SRR12733926,C,27213,T,0.056671
SRR12733383,C,27297,T,0.064904
SRR11954256,C,27331,T,0.706724
SRR11954226,G,27987,T,0.071569
SRR11954289,C,27389,T,0.236416
SRR11953783,C,27476,T,0.238764
SRR12733516,G,27621,T,0.322034
SRR11954196,C,28647,T,0.077559
SRR12733414,C,27644,T,0.068063
SRR12733509,G,27226,T,0.112633
SRR12733999,C,27970,T,0.680501
SRR12733957,C,27972,T,0.161417
SRR11954219,C,28093,T,0.053004
SRR12733784,G,26775,T,0.789152
SRR11954112,C,28391,T,0.77989
SRR11954245,C,28399,T,0.083983
SRR12733344,C,28519,T,0.123871
SRR12733966,TTTTGGGTGTTTA,21981,T,0.416178
